{
  "best_k": 2,
  "silhouette_scores": {
    "2": 0.585589326549397,
    "3": 0.24563351770988628,
    "4": 0.26259427987873196,
    "5": 0.23668736214591962,
    "6": 0.23498483798138617
  },
  "best_silhouette": 0.585589326549397,
  "names": {
    "1": "Low-touch / low size",
    "0": "High-churn / high size (higher win-rate)"
  }
}