regime,acct_days,traders,net_pnl_mean,net_pnl_median,win_rate_mean,win_rate_median,drawdown_mean,drawdown_p05
Fear,790,32,5037.873553820833,104.5533975,0.8331153203694768,1.0,-9879.099541040541,-70041.89474415
Greed,1174,31,4067.437160289337,235.917359,0.8489671407942813,1.0,-11253.946675948197,-75661.52790701993
