consistency_segment,traders,total_net_pnl_mean,win_rate_mean,pnl_std_mean,max_dd_mean
Profitable but inconsistent,18,441725.74162965757,0.7938753225892454,34248.017443102035,-42929.33752608611
Consistent winner,10,111823.3363721604,0.9310681162095319,4689.845884923949,-17387.966515937
Unprofitable,4,-78551.344839325,0.7802735537075735,26262.579884851013,-157116.315125965
